{"cameraMode":{"drawMode":0,"name":"Shaded","section":"Shading Mode"},"sceneLighting":true,"audioPlay":false,"sceneViewState":{"m_AlwaysRefresh":false,"showFog":true,"showSkybox":true,"showFlares":true,"showImageEffects":true,"showParticleSystems":true,"showVisualEffectGraphs":true,"m_FxEnabled":true},"in2DMode":false,"pivot":{"x":3.1922972202301027,"y":-7.281465530395508,"z":16.164775848388673},"rotation":{"x":0.22411048412322999,"y":0.06222330406308174,"z":-0.014339812099933625,"w":0.9724717736244202},"size":20.716976165771486,"orthographic":false}